{
  "xgboost_engineered_weight": {
    "precision": 0.7397769516728625,
    "recall": 0.4877450980392157,
    "f1": 0.5878877400295421,
    "auc_roc": 0.8544126947589187,
    "auc_pr": 0.561737109983409,
    "tn": 8363,
    "fp": 70,
    "fn": 209,
    "tp": 199
  },
  "graphsage_engineered_weight": {
    "precision": 0.7020408163265306,
    "recall": 0.4215686274509804,
    "f1": 0.5267993874425727,
    "auc_roc": 0.8288448101878009,
    "auc_pr": 0.4877753209012485,
    "tn": 8360,
    "fp": 73,
    "fn": 236,
    "tp": 172
  },
  "ensemble_avg": {
    "precision": 0.8525345622119815,
    "recall": 0.4534313725490196,
    "f1": 0.592,
    "auc_roc": 0.850522747934701,
    "auc_pr": 0.5494834823712536,
    "tn": 8401,
    "fp": 32,
    "fn": 223,
    "tp": 185
  }
}