{
  "precision": 0.8525345622119815,
  "recall": 0.4534313725490196,
  "f1": 0.592,
  "auc_roc": 0.850522747934701,
  "auc_pr": 0.5494834823712537,
  "confusion_matrix": [
    [
      8401,
      32
    ],
    [
      223,
      185
    ]
  ],
  "tn": 8401,
  "fp": 32,
  "fn": 223,
  "tp": 185
}