{
  "xgboost_engineered_weight": {
    "precision": 0.7397769516728625,
    "recall": 0.4877450980392157,
    "f1": 0.5878877400295421,
    "auc_roc": 0.8544126947589187,
    "auc_pr": 0.561737109983409,
    "tn": 8363,
    "fp": 70,
    "fn": 209,
    "tp": 199
  },
  "graphsage_engineered_weight": {
    "precision": 0.5,
    "recall": 0.46568627450980393,
    "f1": 0.48223350253807107,
    "auc_roc": 0.8283736801966132,
    "auc_pr": 0.4210922616370593,
    "tn": 8243,
    "fp": 190,
    "fn": 218,
    "tp": 190
  },
  "ensemble_avg": {
    "precision": 0.7191011235955056,
    "recall": 0.47058823529411764,
    "f1": 0.5688888888888889,
    "auc_roc": 0.843131732712058,
    "auc_pr": 0.5473346373809548,
    "tn": 8358,
    "fp": 75,
    "fn": 216,
    "tp": 192
  }
}