{
  "best_config": {
    "hidden_dim": 64,
    "lr": 0.005,
    "weight_decay": 0.0005,
    "epochs": 200,
    "patience": 40
  },
  "best_val_f1": 0.7890743550834598,
  "best_test_metrics": {
    "precision": 0.4215456674473068,
    "recall": 0.4411764705882353,
    "f1": 0.4311377245508982,
    "auc_roc": 0.8571330998900213,
    "auc_pr": 0.4409954600392548,
    "confusion_matrix": [
      [
        8186,
        247
      ],
      [
        228,
        180
      ]
    ],
    "tn": 8186,
    "fp": 247,
    "fn": 228,
    "tp": 180,
    "best_val_f1": 0.7890743550834598,
    "training_time": 182.96298694610596
  }
}