hidden_dim,lr,weight_decay,best_val_f1,epochs_trained,test_precision,test_recall,test_f1,test_auc_pr,test_auc_roc,tp,fp,fn,tn,training_time
128,0.005,0.0005,0.8134270101483216,200,0.6245733788395904,0.4485294117647059,0.5221112696148359,0.45399237852749996,0.8295996063550524,183,110,225,8323,302.68737506866455
128,0.01,0.0005,0.8117913832199547,176,0.5294117647058824,0.4632352941176471,0.49411764705882355,0.4327866884572477,0.8256365631750151,189,168,219,8265,268.5605878829956
64,0.01,5e-05,0.7947327652982185,166,0.5802047781569966,0.4166666666666667,0.48502139800285304,0.38811226823622985,0.8270402166558549,170,123,238,8310,167.29069781303406
64,0.01,0.0005,0.7891972993248312,161,0.5903225806451613,0.4485294117647059,0.5097493036211699,0.44445270147429883,0.8165548859173695,183,127,225,8306,160.73247504234314
128,0.01,5e-05,0.7885802469135802,200,0.6746031746031746,0.4166666666666667,0.5151515151515151,0.47205858864216516,0.8328380800915173,170,82,238,8351,311.5552408695221
64,0.005,5e-05,0.7864661654135339,166,0.6829268292682927,0.4117647058823529,0.5137614678899083,0.40080825415814464,0.8263743568101971,168,78,240,8355,253.62528920173645
64,0.005,0.0005,0.77947932618683,191,0.5641025641025641,0.43137254901960786,0.4888888888888889,0.4121186298691808,0.8310858020428615,176,136,232,8297,222.0550091266632
128,0.005,5e-05,0.7765451664025357,200,0.7410714285714286,0.4068627450980392,0.5253164556962026,0.4596005994681561,0.8309580650711607,166,58,242,8375,305.7680788040161
