{
  "best_config": {
    "hidden_dim": 64,
    "lr": 0.01,
    "weight_decay": 0.0005,
    "epochs": 200,
    "patience": 40
  },
  "best_val_f1": 0.8240601503759398,
  "best_test_metrics": {
    "precision": 0.5236768802228412,
    "recall": 0.46078431372549017,
    "f1": 0.49022164276401564,
    "auc_roc": 0.8255807599928386,
    "auc_pr": 0.3794740978223009,
    "confusion_matrix": [
      [
        8262,
        171
      ],
      [
        220,
        188
      ]
    ],
    "tn": 8262,
    "fp": 171,
    "fn": 220,
    "tp": 188,
    "best_val_f1": 0.8240601503759398,
    "training_time": 237.88809084892273
  }
}