{
  "precision": 0.570957095709571,
  "recall": 0.42401960784313725,
  "f1": 0.4866385372714487,
  "auc_roc": 0.8272041385034983,
  "auc_pr": 0.3697448758882972,
  "confusion_matrix": [
    [
      8303,
      130
    ],
    [
      235,
      173
    ]
  ],
  "tn": 8303,
  "fp": 130,
  "fn": 235,
  "tp": 173,
  "best_val_f1": 0.8207051762940735,
  "training_time": 34.25043082237244
}