{
  "best_config": {
    "hidden_dim": 128,
    "lr": 0.005,
    "weight_decay": 0.0005,
    "epochs": 200,
    "patience": 40
  },
  "best_val_f1": 0.8134270101483216,
  "best_test_metrics": {
    "precision": 0.6245733788395904,
    "recall": 0.4485294117647059,
    "f1": 0.5221112696148359,
    "auc_roc": 0.8295996063550524,
    "auc_pr": 0.45399237852749996,
    "confusion_matrix": [
      [
        8323,
        110
      ],
      [
        225,
        183
      ]
    ],
    "tn": 8323,
    "fp": 110,
    "fn": 225,
    "tp": 183,
    "best_val_f1": 0.8134270101483216,
    "training_time": 302.68737506866455
  }
}