Model,Precision,Recall,F1,AUC_PR,AUC_ROC,TP,FP,FN,TN
XGBoost (Tuned),0.851063829787234,0.49019607843137253,0.6220839813374806,0.6528815990143982,0.9379866793153879,200,35,208,8398
XGBoost (Original),0.739777,0.487745,0.587888,0.561737,0.854413,199,70,209,8363
GraphSAGE (Original),0.702041,0.421569,0.526799,0.487775,0.828845,172,73,236,8360
GCN (Original),0.376682,0.411765,0.393443,0.399067,0.829381,168,278,240,8155
