{
  "precision": 0.851063829787234,
  "recall": 0.49019607843137253,
  "f1": 0.6220839813374806,
  "auc_roc": 0.9379866793153879,
  "auc_pr": 0.6528815990143982,
  "confusion_matrix": [
    [
      8398,
      35
    ],
    [
      208,
      200
    ]
  ],
  "tn": 8398,
  "fp": 35,
  "fn": 208,
  "tp": 200
}