model,n_features,precision,recall,f1,auc_pr,auc_roc,tp,fp,fn,tn
xgboost_tuned_shap95,120,0.7406015037593985,0.48284313725490197,0.5845697329376854,0.5547349775962467,0.8278669466126305,197,69,211,8364
