{
  "precision": 0.9345794392523364,
  "recall": 0.49019607843137253,
  "f1": 0.6430868167202572,
  "auc_roc": 0.9442314041708229,
  "auc_pr": 0.6837444189497733,
  "confusion_matrix": [
    [
      8419,
      14
    ],
    [
      208,
      200
    ]
  ],
  "tn": 8419,
  "fp": 14,
  "fn": 208,
  "tp": 200
}